<?xml version="1.0" encoding="UTF-8" ?>
<configuration>
    <!-- 控制台输出 -->
    <appender name="Stdout" class="ch.qos.logback.core.ConsoleAppender">
        <!-- 日志输出格式 -->
        <layout class="ch.qos.logback.classic.PatternLayout">
            <!--格式化输出：%d表示日期，%thread表示线程名，%-5level：级别从左显示5个字符宽度%msg：日志消息，%n是换行符-->
            <pattern>%d{yyyy-MM-dd HH:mm:ss.SSS} [%thread] %-5level %logger{50} - %msg%n
            </pattern>
        </layout>
    </appender>
    <!-- 日志输出级别 -->
    <root level="info">
        <appender-ref ref="Stdout"/>
    </root>
    <!-- 指定包的日志级别 -->
    <logger name="com.meturing.mapper" level="DEBUG"></logger>
</configuration>
