<?xml version="1.0" encoding="UTF-8" ?>
<!DOCTYPE mapper
        PUBLIC "-//mybatis.org//DTDMapper3.0//EN"
        "http://mybatis.org/dtd/mybatis-3-mapper.dtd">
<mapper namespace="com.meturing.mapper.EmpMapper2">
    <!--
        List<Emp> findByCondition(Emp emp);
    -->
    <select id="findByCondition1" resultType="emp" parameterType="emp">
        select * from emp where 1=1
        <if test="empno!=null"> and empno = #{empno} </if>
        <if test="ename!=null and ename!='' "> and ename = #{ename} </if>
        <if test="job!=null and job!='' "> and job = #{job} </if>
        <if test="mgr!=null"> and mgr = #{mgr} </if>
        <if test="hiredate!=null and hiredate!='' "> and hiredate = #{hiredate} </if>
        <if test="sal!=null"> and sal = #{sal} </if>
        <if test="comm!=null"> and comm = #{comm} </if>
        <if test="deptno!=null"> and deptno = #{deptno} </if>
    </select>

    <select id="findByCondition2" resultType="emp" parameterType="emp">
        select * from emp
        <where>
            <if test="empno!=null"> and empno = #{empno} </if>
            <if test="ename!=null and ename!='' "> and ename = #{ename} </if>
            <if test="job!=null and job!='' "> and job = #{job} </if>
            <if test="mgr!=null"> and mgr = #{mgr} </if>
            <if test="hiredate!=null and hiredate!='' "> and hiredate = #{hiredate} </if>
            <if test="sal!=null"> and sal = #{sal} </if>
            <if test="comm!=null"> and comm = #{comm} </if>
            <if test="deptno!=null"> and deptno = #{deptno} </if>
        </where>
    </select>


    <select id="findByCondition3" resultType="emp" parameterType="emp">
        select * from emp
        <where>
            <choose>
                <when test="empno!=null"> and empno = #{empno} </when>
                <when test="ename!=null and ename!='' "> and ename = #{ename} </when>
                <when test="job!=null and job!='' "> and job = #{job} </when>
                <when test="mgr!=null"> and mgr = #{mgr} </when>
                <when test="hiredate!=null and hiredate!='' "> and hiredate = #{hiredate} </when>
                <when test="sal!=null"> and sal = #{sal} </when>
                <when test="comm!=null"> and comm = #{comm} </when>
                <when test="deptno!=null"> and deptno = #{deptno} </when>
            </choose>
        </where>
    </select>


    <update id="updateEmpByCondtion" parameterType="emp">
        update emp
            <set>
                <if test="ename!=null and ename!='' "> , ename = #{ename} </if>
                <if test="job!=null and job!='' "> , job = #{job} </if>
                <if test="mgr!=null"> , mgr = #{mgr} </if>
                <if test="hiredate!=null and hiredate!='' "> , hiredate = #{hiredate} </if>
                <if test="sal!=null"> , sal = #{sal} </if>
                <if test="comm!=null"> , comm = #{comm} </if>
                <if test="deptno!=null"> , deptno = #{deptno} </if>
            </set>
            <where>
                empno =#{empno}
            </where>
    </update>

    <update id="updateEmpByCondtion1" parameterType="emp">
        update emp
        <trim prefix="set" suffixOverrides=",">
            <if test="ename!=null and ename!='' "> ename = #{ename} , </if>
            <if test="job!=null and job!='' ">  job = #{job} , </if>
            <if test="mgr!=null">  mgr = #{mgr} , </if>
            <if test="hiredate!=null and hiredate!='' "> hiredate = #{hiredate} ,</if>
            <if test="sal!=null">  sal = #{sal} , </if>
            <if test="comm!=null"> comm = #{comm} ,</if>
            <if test="deptno!=null"> deptno = #{deptno},  </if>
        </trim>
        <where>
            empno =#{empno}
        </where>
    </update>

    <select id="findObjectByName" parameterType="string" resultType="emp">
        <bind name="findEname" value="'%'+ename+'%'"/>
        select * from emp where ename like concat('%',#{findEname},'%')
    </select>

    <sql id="empColumn">empno,ename,job,mgr,hiredate,sal,comm,deptno</sql>
    <select id="findObject"  resultType="emp">
        select <include refid="empColumn"></include> from emp
    </select>

    <select id="findObjectsByEmpNo1"  resultType="emp">
        select *  from emp where empno in
        <foreach collection="array" separator="," open="(" close=")" item="empNo">
            #{empNo}
        </foreach>
    </select>

    <select id="findObjectsByEmpNo2"  resultType="emp">
        select *  from emp where empno in
        <foreach collection="list" separator="," open="(" close=")" item="empNo">
            #{empNo}
        </foreach>
    </select>
</mapper>