<?xml version="1.0" encoding="UTF-8"?>
<beans xmlns="http://www.springframework.org/schema/beans"
       xmlns:xsi="http://www.w3.org/2001/XMLSchema-instance"
       xmlns:p="http://www.springframework.org/schema/p"
       xmlns:c="http://www.springframework.org/schema/c"
       xmlns:util="http://www.springframework.org/schema/util"
       xmlns:context="http://www.springframework.org/schema/context"
       xmlns:aop="http://www.springframework.org/schema/aop"
       xmlns:tx="http://www.springframework.org/schema/tx"
       xmlns:mvc="http://www.springframework.org/schema/mvc"
       xsi:schemaLocation="
       http://www.springframework.org/schema/beans
       http://www.springframework.org/schema/beans/spring-beans.xsd
       http://www.springframework.org/schema/p
       http://www.springframework.org/schema/p/spring-p.xsd
       http://www.springframework.org/schema/c
       http://www.springframework.org/schema/c/spring-c.xsd
       http://www.springframework.org/schema/util
       http://www.springframework.org/schema/util/spring-util.xsd
       http://www.springframework.org/schema/context
       http://www.springframework.org/schema/context/spring-context.xsd
       http://www.springframework.org/schema/aop
       http://www.springframework.org/schema/aop/spring-aop.xsd
       http://www.springframework.org/schema/tx
       http://www.springframework.org/schema/tx/spring-tx.xsd
       http://www.springframework.org/schema/mvc
       http://www.springframework.org/schema/mvc/spring-mvc.xsd
    ">
    <!-- 包扫描 -->
    <context:component-scan base-package="com.meturing" />

<!--    &lt;!&ndash;配置视图解析器&ndash;&gt;-->
<!--    <bean class="org.springframework.web.servlet.view.InternalResourceViewResolver">-->
<!--        <property name="prefix" value="/view/"  ></property>-->
<!--        <property name="suffix" value=".jsp"  ></property>-->
<!--    </bean>-->
<!--    &lt;!&ndash;自动加载处理映射器和处理器适配器&ndash;&gt;-->
<!--    <mvc:annotation-driven />-->

    <!--静态资源放行-->
    <mvc:resources mapping="/static/**" location="/static/"></mvc:resources>

    <!--数据转换工厂-->
    <bean id="conversionService" class="org.springframework.context.support.ConversionServiceFactoryBean">
        <!--配置类型转换器-->
        <property name="converters">
            <array>
                <!--注入自定义转换器对象-->
                <bean class="com.meturing.util.StringToDateConverter"></bean>
            </array>
        </property>
    </bean>
    <!--这里配置转换服务工厂-->
    <mvc:annotation-driven conversion-service="conversionService"/>
</beans>