<?xml version="1.0" encoding="UTF-8" ?>
<!DOCTYPE mapper
        PUBLIC "-//mybatis.org//DTDMapper3.0//EN"
        "http://mybatis.org/dtd/mybatis-3-mapper.dtd">
<mapper namespace="com.meturing.mapper.DeptMapper">
    <!-- 新增数据,并设置主键递增回填 -->
    <insert id="insterDept" parameterType="dept" useGeneratedKeys="true" keyProperty="deptno">
        INSERT INTO dept  VALUES(#{deptno},#{dname},#{loc})
    </insert>

    <insert id="insterDept2" parameterType="dept">
        <selectKey order="AFTER" keyProperty="deptno"  resultType="int">
            select @@identity
        </selectKey>
        insert into dept values(null,#{dname},#{loc})
    </insert>

    <delete id="deleteDept" parameterType="int">
        DELETE FROM dept WHERE DEPTNO=#{deptno}
    </delete>

    <update id="updateDept" parameterType="dept">
        UPDATE dept SET DNAME=#{dname}, LOC=#{loc} WHERE DEPTNO=#{deptno}
    </update>

    <select id="findDeptById" parameterType="int" resultType="dept">
        select * from dept where deptno =#{deptno}
    </select>
</mapper>