<?xml version="1.0" encoding="UTF-8" ?>
<!DOCTYPE mapper
        PUBLIC "-//mybatis.org//DTDMapper3.0//EN"
        "http://mybatis.org/dtd/mybatis-3-mapper.dtd">
<mapper namespace="com.meturing.mapper.EmpMapper">
    <!--
     List<Emp> findAll();
      -->
    <select id="findAll" resultType="emp">
        select * from emp
    </select>

    <!--
        单个基本数据类型作为方法参数
        #{}中可以随便写,遵循见名知意
         Emp findByEmpno(int empno);
      -->
    <select id="findByEmpno" parameterType="int" resultType="emp">
        select * from emp where empno=#{empno}
    </select>

    <!--
    多个基本数据类型作为方法参数
    List<Emp> findByDeptnoAndSal(int deptno,double sal);
    方式一: arg*   arg0    arg1    ....   数字是索引,从0开始
        select * from emp where deptno =#{arg0} and sal &gt;= #{arg1}
    方式二: param* param1  param2  ....    数字是编号,从1开始
        select * from emp where deptno =#{param1} and sal &gt;= #{param2}
    方式三:使用@Param别名,修改接口为List<Emp> findByDeptnoAndSal(@Param("deptno") int deptno, @Param("sal") double sal);
        select * from emp where deptno =#{deptno} and sal &gt;= #{sal}
        通过@Param注解使用别名之后,就不能再使用arg* 但是可以继续使用param*
    -->
    <select id="findByDeptnoAndSal" resultType="emp">
        select * from emp where deptno =#{deptno} and sal &gt;= #{sal}
    </select>

    <!--
        List<Emp> findMapByDeptnoAndSal(Map<String, Object> map);
        参数是map,{}写键的名字
    -->
    <select id="findMapByDeptnoAndSal" parameterType="map" resultType="emp">
        select * from emp where deptno =#{deptno} and sal &gt;= #{sal}
    </select>

    <!--
        List<Emp> findObjectByDeptnoAndSal1 (Emp emp);
        单个引用类型,{}中写的使用对象的属性名
    -->
    <select id="findObjectByDeptnoAndSal1" parameterType="emp" resultType="emp">
        select * from emp where deptno =#{deptno} and sal &gt;= #{sal}
    </select>

    <!--多个引用类型,{}中写的使用对象的属性名-->
    <!--
        多个基本数据类型作为方法参数
        List<Emp> findObjectByDeptnoAndSal2 (Emp emp1,Emp emp2);
        方式一: arg*   arg0    arg1    ....   数字是索引,从0开始
            select * from emp where deptno =#{arg0.deptno} and sal &gt;= #{arg1.sal}
        方式二: param* param1  param2  ....    数字是编号,从1开始
            select * from emp where deptno =#{param1.deptno} and sal &gt;= #{param2.sal}
        方式三:使用@Param别名,修改接口为List<Emp> findObjectByDeptnoAndSal2 (@Param("emp1") Emp emp1,@Param("emp2") Emp emp2);
            select * from emp where deptno =#{emp1.deptno} and sal &gt;= #{emp2.sal}
            通过@Param注解使用别名之后,就不能再使用arg* 但是可以继续使用param*
    -->
    <select id="findObjectByDeptnoAndSal2" resultType="emp">
        select * from emp where deptno =#{emp1.deptno} and sal &gt;= #{emp2.sal}
    </select>

    <!--  使用 concat()函数对模糊搜索拼接 -->
    <select id="findObjectByName" parameterType="string" resultType="emp">
        select * from emp where ename like concat('%',#{ename},'%')
    </select>
</mapper>