<?xml version="1.0" encoding="UTF-8" ?>
<!DOCTYPE mapper
        PUBLIC "-//mybatis.org//DTDMapper3.0//EN"
        "http://mybatis.org/dtd/mybatis-3-mapper.dtd">
<mapper namespace="com.meturing.mapper.DeptMapper">

    <!--手动处理字段之间的映射关系-->
    <resultMap id="deptMap" type="dept">
        <!--id标识当前字段为主键-->
        <id column="deptno" property="deptno"></id>
        <!--当属性名和查询出的数据表字段名相同 可以不写映射关系-->
        <!--column表示数据库中的字段名 property表示实体类中的字段名-->
        <result column="dname" property="name"></result>
        <result column="loc" property="loc"></result>
    </resultMap>
    <select id="findDepts" resultMap="deptMap">
        select * from dept
    </select>


    <resultMap id="findDeptLeftEmp" type="dept1">
        <!--id标识当前字段为主键-->
        <id column="deptno" property="deptno"></id>
        <!--当属性名和查询出的数据表字段名相同 可以不写映射关系-->
        <!--column表示数据库中的字段名 property表示实体类中的字段名-->
        <result column="dname" property="name"></result>
        <result column="loc" property="loc"></result>
        <collection property="emp1List" ofType="emp1">
            <id column="empno" property="empno"></id>
            <result column="ename" property="ename"></result>
            <result column="job" property="job"></result>
            <result column="mgr" property="mgr"></result>
            <result column="hiredate" property="hiredate"></result>
            <result column="sal" property="sal"></result>
            <result column="comm" property="comm"></result>
            <result column="deptno" property="deptno"></result>
        </collection>
    </resultMap>
    <select id="findDeptLeftEmp" resultMap="findDeptLeftEmp">
        select * from dept d left join emp e on d.deptno =e.deptno where d.deptno =#{deptno}
    </select>
</mapper>