<?xml version="1.0" encoding="UTF-8" ?>
<!DOCTYPE mapper
        PUBLIC "-//mybatis.org//DTDMapper3.0//EN"
        "http://mybatis.org/dtd/mybatis-3-mapper.dtd">
<mapper namespace="com.meturing.mapper.EmpMapper">
    <resultMap id="empMap" type="emp">
        <!--设置emp本身的八个属性的映射关系-->
        <id column="empno" property="empno"></id>
        <result column="ename" property="ename"></result>
        <result column="job" property="job"></result>
        <result column="mgr" property="mgr"></result>
        <result column="hiredate" property="hiredate"></result>
        <result column="sal" property="sal"></result>
        <result column="comm" property="comm"></result>
        <result column="deptno" property="deptno"></result>
        <!--
            association 处理一对一 封装一对一信息关系的标签
               property  emp类的属性名
               javaType  用哪个类的对象给属性赋值
       -->
        <association property="dept" javaType="dept">
            <id column="deptno" property="deptno"></id>
            <result column="dname" property="name"></result>
            <result column="loc" property="loc"></result>
        </association>
    </resultMap>
    <select id="findEmpJoinDeptByEmpno" resultMap="empMap">
        select * from
        emp e
        left join dept d
        on e.deptno =d.deptno
        where empno = #{empno}
    </select>
</mapper>








