<?xml version="1.0" encoding="UTF-8" ?>
<!DOCTYPE mapper
        PUBLIC "-//mybatis.org//DTDMapper3.0//EN"
        "http://mybatis.org/dtd/mybatis-3-mapper.dtd">
<mapper namespace="com.meturing.mapper.ProjectsMapper">

    <resultMap id="findProjectsInfo" type="projects">
        <id column="pid" property="pid"></id>
        <result column="pname" property="pname"></result>
        <result column="money" property="money"></result>
        <collection property="projectrecordList" ofType="projectrecord">
            <id column="empno" property="empno"></id>
            <id column="pid" property="pid"></id>
            <association property="emp" javaType="emp">
                <id column="empno" property="empno"></id>
                <result column="ename" property="ename"></result>
                <result column="job" property="job"></result>
                <result column="mgr" property="mgr"></result>
                <result column="hiredate" property="hiredate"></result>
                <result column="sal" property="sal"></result>
                <result column="comm" property="comm"></result>
                <result column="deptno" property="deptno"></result>
            </association>
        </collection>
    </resultMap>
    <select id="findProjectsInfo" parameterType="integer" resultMap="findProjectsInfo">
        select * from
        projects p
        left join projectrecord pr
              on p.pid = pr.pid
        left join emp e
              on e.empno = pr.empno
        where p.pid= #{pid}
    </select>
</mapper>