<?xml version="1.0" encoding="UTF-8"?>
<beans xmlns="http://www.springframework.org/schema/beans"
       xmlns:xsi="http://www.w3.org/2001/XMLSchema-instance"
       xmlns:aop="http://www.springframework.org/schema/aop"
       xmlns:p="http://www.springframework.org/schema/p"
       xmlns:c="http://www.springframework.org/schema/c"
       xmlns:context="http://www.springframework.org/schema/context"
       xmlns:tx="http://www.springframework.org/schema/tx"
       xsi:schemaLocation="http://www.springframework.org/schema/beans
       http://www.springframework.org/schema/beans/spring-beans.xsd
       http://www.springframework.org/schema/aop
       http://www.springframework.org/schema/aop/spring-aop.xsd
       http://www.springframework.org/schema/p
       http://www.springframework.org/schema/p/spring-p.xsd
       http://www.springframework.org/schema/c
       http://www.springframework.org/schema/c/spring-c.xsd
       http://www.springframework.org/schema/context
       http://www.springframework.org/schema/context/spring-context.xsd
       http://www.springframework.org/schema/tx
       http://www.springframework.org/schema/tx/spring-tx.xsd
">
    <!--配置包扫描-->
    <context:component-scan base-package="com.meturing"/>

    <!--配置外部的链接依赖-->
    <context:property-placeholder location="classpath:JDBC.properties"/>
    <!-- 创建druid 的数据源 -->
    <bean id="dataSource" class="com.alibaba.druid.pool.DruidDataSource">
        <property name="username" value="${jdbc_username}"></property>
        <property name="password" value="${jdbc_password}"></property>
        <property name="driverClassName" value="${jdbc_driver}"></property>
        <property name="url" value="${jdbc_url}"></property>
    </bean>

    <!-- 配置Hibernate的SessionFactory对象 -->
    <bean class="org.springframework.orm.hibernate5.LocalSessionFactoryBean" id="sessionFactory">
        <!-- 关联数据源 -->
        <property name="dataSource" ref="dataSource"></property>
        <!-- 配置Hibernate的属性信息 -->
        <property name="hibernateProperties">
            <props>
                <prop key="show_sql">true</prop>
                <prop key="hibernate.hbm2ddl.auto">update</prop>
                </props>
        </property>
        <!-- 扫描路径 -->
        <property name="packagesToScan">
            <list>
                <value>com.meturing.pojo</value>
            </list>
        </property>
    </bean>

    <!-- 配置HibernateTemplate对象 -->
    <bean class="org.springframework.orm.hibernate5.HibernateTemplate" id="hibernateTemplate">
        <property name="sessionFactory" ref="sessionFactory"/>
    </bean>

    <!--  配置事务管理-->
    <bean class="org.springframework.orm.hibernate5.HibernateTransactionManager" id="transactionManager">
        <property name="sessionFactory" ref="sessionFactory" />
    </bean>

    <!-- 配置开启事务注解 -->
    <tx:annotation-driven transaction-manager="transactionManager"/>
</beans>