<?xml version="1.0" encoding="UTF-8" ?>
<!DOCTYPE configuration
        PUBLIC "-//mybatis.org//DTD Config 3.0//EN"
        "http://mybatis.org/dtd/mybatis-3-config.dtd">
<configuration>
    <!--  属性  -->
    <properties resource="jdbc_config.properties">
        <property name="username" value="dev_user"/>
        <property name="password" value="F2Fa3!33TYyg"/>
    </properties>

    <!--  设置  -->
    <settings>
        <!--  指定使用的日志框架  -->
        <setting name="logImpl" value="LOG4J"/>
    </settings>

    <!--  别名  -->
    <typeAliases>
        <package name="com.meturing.pojo" />
    </typeAliases>

    <!--  环境变量  -->
    <environments default="development">
        <environment id="development">
            <!--  事务  -->
            <transactionManager type="JDBC"/>
            <!--  数据源  -->
            <dataSource type="POOLED">
                <property name="driver" value="${jdbc_driver}"/>
                <property name="url" value="${jdbc_url}"/>
                <property name="username" value="${jdbc_username}"/>
                <property name="password" value="${jdbc_password}"/>
            </dataSource>
        </environment>
    </environments>

    <!--  映射器  -->
    <mappers>
<!--        <package name="com.meturing.mapper"/>-->
        <mapper resource="com/meturing/mapper/DeptMapper.xml" />
        <mapper resource="com/meturing/mapper/EmpMapper.xml" />
        <mapper resource="com/meturing/mapper/EmpMapper2.xml" />
        <mapper resource="com/meturing/mapper/EmpMapper3.xml" />
    </mappers>
</configuration>