<?xml version="1.0" encoding="UTF-8" ?>
<!DOCTYPE mapper PUBLIC "-//mybatis.org//DTD Mapper 3.0//EN" "http://mybatis.org/dtd/mybatis-3-mapper.dtd" >
<mapper namespace="com.meturing.mapper.StudentMapper" >
  <resultMap id="BaseResultMap" type="com.meturing.pojo.Dept" >
    <!--
      WARNING - @mbggenerated
      This element is automatically generated by MyBatis Generator, do not modify.
      This element was generated on Sun Apr 16 20:11:31 CST 2023.
    -->
    <id column="DEPTNO" property="deptno" jdbcType="INTEGER" />
    <result column="DNAME" property="dname" jdbcType="VARCHAR" />
    <result column="LOC" property="loc" jdbcType="VARCHAR" />
  </resultMap>
  <sql id="Example_Where_Clause" >
    <!--
      WARNING - @mbggenerated
      This element is automatically generated by MyBatis Generator, do not modify.
      This element was generated on Sun Apr 16 20:11:31 CST 2023.
    -->
    <where >
      <foreach collection="oredCriteria" item="criteria" separator="or" >
        <if test="criteria.valid" >
          <trim prefix="(" suffix=")" prefixOverrides="and" >
            <foreach collection="criteria.criteria" item="criterion" >
              <choose >
                <when test="criterion.noValue" >
                  and ${criterion.condition}
                </when>
                <when test="criterion.singleValue" >
                  and ${criterion.condition} #{criterion.value}
                </when>
                <when test="criterion.betweenValue" >
                  and ${criterion.condition} #{criterion.value} and #{criterion.secondValue}
                </when>
                <when test="criterion.listValue" >
                  and ${criterion.condition}
                  <foreach collection="criterion.value" item="listItem" open="(" close=")" separator="," >
                    #{listItem}
                  </foreach>
                </when>
              </choose>
            </foreach>
          </trim>
        </if>
      </foreach>
    </where>
  </sql>
  <sql id="Update_By_Example_Where_Clause" >
    <!--
      WARNING - @mbggenerated
      This element is automatically generated by MyBatis Generator, do not modify.
      This element was generated on Sun Apr 16 20:11:31 CST 2023.
    -->
    <where >
      <foreach collection="example.oredCriteria" item="criteria" separator="or" >
        <if test="criteria.valid" >
          <trim prefix="(" suffix=")" prefixOverrides="and" >
            <foreach collection="criteria.criteria" item="criterion" >
              <choose >
                <when test="criterion.noValue" >
                  and ${criterion.condition}
                </when>
                <when test="criterion.singleValue" >
                  and ${criterion.condition} #{criterion.value}
                </when>
                <when test="criterion.betweenValue" >
                  and ${criterion.condition} #{criterion.value} and #{criterion.secondValue}
                </when>
                <when test="criterion.listValue" >
                  and ${criterion.condition}
                  <foreach collection="criterion.value" item="listItem" open="(" close=")" separator="," >
                    #{listItem}
                  </foreach>
                </when>
              </choose>
            </foreach>
          </trim>
        </if>
      </foreach>
    </where>
  </sql>
  <sql id="Base_Column_List" >
    <!--
      WARNING - @mbggenerated
      This element is automatically generated by MyBatis Generator, do not modify.
      This element was generated on Sun Apr 16 20:11:31 CST 2023.
    -->
    DEPTNO, DNAME, LOC
  </sql>
  <select id="selectByExample" resultMap="BaseResultMap" parameterType="com.meturing.pojo.DeptExample" >
    <!--
      WARNING - @mbggenerated
      This element is automatically generated by MyBatis Generator, do not modify.
      This element was generated on Sun Apr 16 20:11:31 CST 2023.
    -->
    select
    <if test="distinct" >
      distinct
    </if>
    <include refid="Base_Column_List" />
    from dept
    <if test="_parameter != null" >
      <include refid="Example_Where_Clause" />
    </if>
    <if test="orderByClause != null" >
      order by ${orderByClause}
    </if>
  </select>
  <select id="selectByPrimaryKey" resultMap="BaseResultMap" parameterType="java.lang.Integer" >
    <!--
      WARNING - @mbggenerated
      This element is automatically generated by MyBatis Generator, do not modify.
      This element was generated on Sun Apr 16 20:11:31 CST 2023.
    -->
    select 
    <include refid="Base_Column_List" />
    from dept
    where DEPTNO = #{deptno,jdbcType=INTEGER}
  </select>
  <delete id="deleteByPrimaryKey" parameterType="java.lang.Integer" >
    <!--
      WARNING - @mbggenerated
      This element is automatically generated by MyBatis Generator, do not modify.
      This element was generated on Sun Apr 16 20:11:31 CST 2023.
    -->
    delete from dept
    where DEPTNO = #{deptno,jdbcType=INTEGER}
  </delete>
  <delete id="deleteByExample" parameterType="com.meturing.pojo.DeptExample" >
    <!--
      WARNING - @mbggenerated
      This element is automatically generated by MyBatis Generator, do not modify.
      This element was generated on Sun Apr 16 20:11:31 CST 2023.
    -->
    delete from dept
    <if test="_parameter != null" >
      <include refid="Example_Where_Clause" />
    </if>
  </delete>
  <insert id="insert" parameterType="com.meturing.pojo.Dept" >
    <!--
      WARNING - @mbggenerated
      This element is automatically generated by MyBatis Generator, do not modify.
      This element was generated on Sun Apr 16 20:11:31 CST 2023.
    -->
    insert into dept (DEPTNO, DNAME, LOC
      )
    values (#{deptno,jdbcType=INTEGER}, #{dname,jdbcType=VARCHAR}, #{loc,jdbcType=VARCHAR}
      )
  </insert>
  <insert id="insertSelective" parameterType="com.meturing.pojo.Dept" >
    <!--
      WARNING - @mbggenerated
      This element is automatically generated by MyBatis Generator, do not modify.
      This element was generated on Sun Apr 16 20:11:31 CST 2023.
    -->
    insert into dept
    <trim prefix="(" suffix=")" suffixOverrides="," >
      <if test="deptno != null" >
        DEPTNO,
      </if>
      <if test="dname != null" >
        DNAME,
      </if>
      <if test="loc != null" >
        LOC,
      </if>
    </trim>
    <trim prefix="values (" suffix=")" suffixOverrides="," >
      <if test="deptno != null" >
        #{deptno,jdbcType=INTEGER},
      </if>
      <if test="dname != null" >
        #{dname,jdbcType=VARCHAR},
      </if>
      <if test="loc != null" >
        #{loc,jdbcType=VARCHAR},
      </if>
    </trim>
  </insert>
  <select id="countByExample" parameterType="com.meturing.pojo.DeptExample" resultType="java.lang.Integer" >
    <!--
      WARNING - @mbggenerated
      This element is automatically generated by MyBatis Generator, do not modify.
      This element was generated on Sun Apr 16 20:11:31 CST 2023.
    -->
    select count(*) from dept
    <if test="_parameter != null" >
      <include refid="Example_Where_Clause" />
    </if>
  </select>
  <update id="updateByExampleSelective" parameterType="map" >
    <!--
      WARNING - @mbggenerated
      This element is automatically generated by MyBatis Generator, do not modify.
      This element was generated on Sun Apr 16 20:11:31 CST 2023.
    -->
    update dept
    <set >
      <if test="record.deptno != null" >
        DEPTNO = #{record.deptno,jdbcType=INTEGER},
      </if>
      <if test="record.dname != null" >
        DNAME = #{record.dname,jdbcType=VARCHAR},
      </if>
      <if test="record.loc != null" >
        LOC = #{record.loc,jdbcType=VARCHAR},
      </if>
    </set>
    <if test="_parameter != null" >
      <include refid="Update_By_Example_Where_Clause" />
    </if>
  </update>
  <update id="updateByExample" parameterType="map" >
    <!--
      WARNING - @mbggenerated
      This element is automatically generated by MyBatis Generator, do not modify.
      This element was generated on Sun Apr 16 20:11:31 CST 2023.
    -->
    update dept
    set DEPTNO = #{record.deptno,jdbcType=INTEGER},
      DNAME = #{record.dname,jdbcType=VARCHAR},
      LOC = #{record.loc,jdbcType=VARCHAR}
    <if test="_parameter != null" >
      <include refid="Update_By_Example_Where_Clause" />
    </if>
  </update>
  <update id="updateByPrimaryKeySelective" parameterType="com.meturing.pojo.Dept" >
    <!--
      WARNING - @mbggenerated
      This element is automatically generated by MyBatis Generator, do not modify.
      This element was generated on Sun Apr 16 20:11:31 CST 2023.
    -->
    update dept
    <set >
      <if test="dname != null" >
        DNAME = #{dname,jdbcType=VARCHAR},
      </if>
      <if test="loc != null" >
        LOC = #{loc,jdbcType=VARCHAR},
      </if>
    </set>
    where DEPTNO = #{deptno,jdbcType=INTEGER}
  </update>
  <update id="updateByPrimaryKey" parameterType="com.meturing.pojo.Dept" >
    <!--
      WARNING - @mbggenerated
      This element is automatically generated by MyBatis Generator, do not modify.
      This element was generated on Sun Apr 16 20:11:31 CST 2023.
    -->
    update dept
    set DNAME = #{dname,jdbcType=VARCHAR},
      LOC = #{loc,jdbcType=VARCHAR}
    where DEPTNO = #{deptno,jdbcType=INTEGER}
  </update>
</mapper>