<?xml version="1.0" encoding="UTF-8"?>
<!DOCTYPE mapper
        PUBLIC "-//mybatis.org//DTD Mapper 3.0//EN"
        "http://mybatis.org/dtd/mybatis-3-mapper.dtd">
<mapper namespace="com.meturing.mapper.UserInfoMapper">

    <resultMap id="BaseResultMap" type="com.meturing.pojo.UserInfo">
            <id property="id" column="id" jdbcType="INTEGER"/>
            <result property="name" column="name" jdbcType="VARCHAR"/>
            <result property="password" column="password" jdbcType="VARCHAR"/>
    </resultMap>

    <sql id="Base_Column_List">
        id,name,password
    </sql>

    <select id="getAllUsersList" resultMap="BaseResultMap" >
        select
            <include refid="Base_Column_List"></include>
        from
            userinfo
    </select>

</mapper>
