<?xml version="1.0" encoding="UTF-8"?>
<beans xmlns="http://www.springframework.org/schema/beans"
       xmlns:xsi="http://www.w3.org/2001/XMLSchema-instance"
       xmlns:p="http://www.springframework.org/schema/p"
       xmlns:c="http://www.springframework.org/schema/c"
       xmlns:util="http://www.springframework.org/schema/util"
       xmlns:context="http://www.springframework.org/schema/context"
       xmlns:aop="http://www.springframework.org/schema/aop"
       xmlns:tx="http://www.springframework.org/schema/tx"
       xmlns:mvc="http://www.springframework.org/schema/mvc"
       xsi:schemaLocation="
       http://www.springframework.org/schema/beans
       http://www.springframework.org/schema/beans/spring-beans.xsd
       http://www.springframework.org/schema/p
       http://www.springframework.org/schema/p/spring-p.xsd
       http://www.springframework.org/schema/c
       http://www.springframework.org/schema/c/spring-c.xsd
       http://www.springframework.org/schema/util
       http://www.springframework.org/schema/util/spring-util.xsd
       http://www.springframework.org/schema/context
       http://www.springframework.org/schema/context/spring-context.xsd
       http://www.springframework.org/schema/aop
       http://www.springframework.org/schema/aop/spring-aop.xsd
       http://www.springframework.org/schema/tx
       http://www.springframework.org/schema/tx/spring-tx.xsd
       http://www.springframework.org/schema/mvc
       http://www.springframework.org/schema/mvc/spring-mvc.xsd
">
    <!--扫描controller-->
    <context:component-scan base-package="com.meturing.controller,com.meturing.GloableException"></context:component-scan>

    <!--这里配置三大组件:处理器映射器/处理器适配器/视图解析器-->
    <mvc:annotation-driven></mvc:annotation-driven>
    <!--视图解析器-->
    <bean class="org.springframework.web.servlet.view.InternalResourceViewResolver">
        <property name="suffix" value=".jsp"  ></property>
    </bean>

    <!--配置静态资源放行-->
    <mvc:resources mapping="/static/**" location="/static/"></mvc:resources>

    <!--注册拦截器-->
    <mvc:interceptors>
        <mvc:interceptor>
            <mvc:mapping path="/success"/>
            <bean id="loginInterceptor" class="com.meturing.interceptor.LoginInterceptor"></bean>
        </mvc:interceptor>
        <mvc:interceptor>
            <mvc:mapping path="/success"/>
            <bean id="loginInterceptor2" class="com.meturing.interceptor.LoginInterceptor2"></bean>
        </mvc:interceptor>
    </mvc:interceptors>

<!--    &lt;!&ndash;定义全局异常处理器&ndash;&gt;-->
<!--    <bean class="org.springframework.web.servlet.handler.SimpleMappingExceptionResolver">-->
<!--        <property name="defaultErrorView" value="error"/>-->
<!--        <property name="exceptionMappings">-->
<!--            <map>-->
<!--                &lt;!&ndash;如果出现NullPointerException和ArithmeticException异常跳转至404页面&ndash;&gt;-->
<!--                <entry key="java.lang.NullPointerException" value="404" />-->
<!--                <entry key="java.lang.ArithmeticException" value="404" />-->
<!--            </map>-->
<!--        </property>-->
<!--    </bean>-->

</beans>