<?xml version="1.0" encoding="UTF-8" ?>
<!DOCTYPE configuration
        PUBLIC "-//mybatis.org//DTD Config 3.0//EN"
        "http://mybatis.org/dtd/mybatis-3-config.dtd">
<configuration>
    <!--  属性  -->
    <properties resource="jdbc_config.properties"></properties>


    <!--  设置  -->
    <settings>
        <!--  二级缓存:默认就是开启的,所以可以不写  -->
        <setting name="cacheEnabled" value="true"/>
        <!--  指定使用的日志框架  -->
        <setting name="logImpl" value="LOG4J"/>
        <setting name="lazyLoadingEnabled" value="true"/>
        <setting name="aggressiveLazyLoading" value="true"/>
    </settings>

    <!--  别名  -->
    <typeAliases>
        <package name="com.meturing.pojo" />
    </typeAliases>

    <!--分页插件-->
    <plugins>
        <!-- com.github.pagehelper为PageHelper类所在包名 -->
        <plugin interceptor="com.github.pagehelper.PageHelper">
            <!-- 设置数据库类型 Oracle,Mysql,MariaDB,SQLite,Hsqldb,PostgreSQL六种数据库 -->
            <property name="dialect" value="mysql" />
            <property name="rowBoundsWithCount" value="true" />
        </plugin>
    </plugins>

    <!--  环境变量  -->
    <environments default="development">
        <environment id="development">
            <!--  事务  -->
            <transactionManager type="JDBC"/>
            <!--  数据源  -->
            <dataSource type="POOLED">
                <property name="driver" value="${jdbc_driver}"/>
                <property name="url" value="${jdbc_url}"/>
                <property name="username" value="${jdbc_username}"/>
                <property name="password" value="${jdbc_password}"/>
            </dataSource>
        </environment>
    </environments>

    <!--  映射器  -->
    <mappers>
        <!-- 扫描指定目录下的Mapper接口 -->
        <package name="com.meturing.mapper"/>
    </mappers>

</configuration>