-- MySQL dump 10.13  Distrib 8.0.19, for Win64 (x86_64)
--
-- Host: 192.168.1.188    Database: test
-- ------------------------------------------------------
-- Server version	8.0.21

/*!40101 SET @OLD_CHARACTER_SET_CLIENT=@@CHARACTER_SET_CLIENT */;
/*!40101 SET @OLD_CHARACTER_SET_RESULTS=@@CHARACTER_SET_RESULTS */;
/*!40101 SET @OLD_COLLATION_CONNECTION=@@COLLATION_CONNECTION */;
/*!50503 SET NAMES utf8mb4 */;
/*!40103 SET @OLD_TIME_ZONE=@@TIME_ZONE */;
/*!40103 SET TIME_ZONE='+00:00' */;
/*!40014 SET @OLD_UNIQUE_CHECKS=@@UNIQUE_CHECKS, UNIQUE_CHECKS=0 */;
/*!40014 SET @OLD_FOREIGN_KEY_CHECKS=@@FOREIGN_KEY_CHECKS, FOREIGN_KEY_CHECKS=0 */;
/*!40101 SET @OLD_SQL_MODE=@@SQL_MODE, SQL_MODE='NO_AUTO_VALUE_ON_ZERO' */;
/*!40111 SET @OLD_SQL_NOTES=@@SQL_NOTES, SQL_NOTES=0 */;

--
-- Table structure for table `bonus`
--

DROP TABLE IF EXISTS `bonus`;
/*!40101 SET @saved_cs_client     = @@character_set_client */;
/*!50503 SET character_set_client = utf8mb4 */;
CREATE TABLE `bonus` (
  `ENAME` varchar(10) CHARACTER SET utf8mb4 COLLATE utf8mb4_0900_ai_ci DEFAULT NULL,
  `JOB` varchar(9) CHARACTER SET utf8mb4 COLLATE utf8mb4_0900_ai_ci DEFAULT NULL,
  `SAL` double(7,2) DEFAULT NULL,
  `COMM` double(7,2) DEFAULT NULL
) ENGINE=InnoDB DEFAULT CHARSET=utf8mb4 COLLATE=utf8mb4_0900_ai_ci ROW_FORMAT=DYNAMIC;
/*!40101 SET character_set_client = @saved_cs_client */;

--
-- Dumping data for table `bonus`
--

LOCK TABLES `bonus` WRITE;
/*!40000 ALTER TABLE `bonus` DISABLE KEYS */;
/*!40000 ALTER TABLE `bonus` ENABLE KEYS */;
UNLOCK TABLES;

--
-- Table structure for table `dept`
--

DROP TABLE IF EXISTS `dept`;
/*!40101 SET @saved_cs_client     = @@character_set_client */;
/*!50503 SET character_set_client = utf8mb4 */;
CREATE TABLE `dept` (
  `DEPTNO` int NOT NULL AUTO_INCREMENT,
  `DNAME` varchar(14) CHARACTER SET utf8mb4 COLLATE utf8mb4_0900_ai_ci DEFAULT NULL,
  `LOC` varchar(13) CHARACTER SET utf8mb4 COLLATE utf8mb4_0900_ai_ci DEFAULT NULL,
  PRIMARY KEY (`DEPTNO`) USING BTREE
) ENGINE=InnoDB AUTO_INCREMENT=43 DEFAULT CHARSET=utf8mb4 COLLATE=utf8mb4_0900_ai_ci ROW_FORMAT=DYNAMIC;
/*!40101 SET character_set_client = @saved_cs_client */;

--
-- Dumping data for table `dept`
--

LOCK TABLES `dept` WRITE;
/*!40000 ALTER TABLE `dept` DISABLE KEYS */;
INSERT INTO `dept` VALUES (10,'ACCOUNTING','NEW YORK'),(20,'RESEARCH','DALLAS'),(30,'SALES','CHICAGO'),(40,'OPERATIONS','BOSTON');
/*!40000 ALTER TABLE `dept` ENABLE KEYS */;
UNLOCK TABLES;

--
-- Table structure for table `emp`
--

DROP TABLE IF EXISTS `emp`;
/*!40101 SET @saved_cs_client     = @@character_set_client */;
/*!50503 SET character_set_client = utf8mb4 */;
CREATE TABLE `emp` (
  `EMPNO` int NOT NULL AUTO_INCREMENT,
  `ENAME` varchar(10) CHARACTER SET utf8mb4 COLLATE utf8mb4_0900_ai_ci DEFAULT NULL,
  `JOB` varchar(9) CHARACTER SET utf8mb4 COLLATE utf8mb4_0900_ai_ci DEFAULT NULL,
  `MGR` int DEFAULT NULL,
  `HIREDATE` date DEFAULT NULL,
  `SAL` double(7,2) DEFAULT NULL,
  `COMM` double(7,2) DEFAULT NULL,
  `DEPTNO` int DEFAULT NULL,
  PRIMARY KEY (`EMPNO`) USING BTREE,
  KEY `FK_DEPTNO` (`DEPTNO`) USING BTREE,
  CONSTRAINT `emp_FK` FOREIGN KEY (`DEPTNO`) REFERENCES `dept` (`DEPTNO`) ON DELETE RESTRICT ON UPDATE RESTRICT
) ENGINE=InnoDB AUTO_INCREMENT=8900 DEFAULT CHARSET=utf8mb4 COLLATE=utf8mb4_0900_ai_ci ROW_FORMAT=DYNAMIC;
/*!40101 SET character_set_client = @saved_cs_client */;

--
-- Dumping data for table `emp`
--

LOCK TABLES `emp` WRITE;
/*!40000 ALTER TABLE `emp` DISABLE KEYS */;
INSERT INTO `emp` VALUES (7369,'SMITH','CLERK',7902,'1980-12-17',800.00,NULL,20),(7499,'ALLEN','SALESMAN',7698,'1981-02-20',1600.00,300.00,30),(7521,'WARD','SALESMAN',7698,'1981-02-22',1250.00,500.00,30),(7566,'JONES','MANAGER',7839,'1981-04-02',2975.00,NULL,20),(7654,'MARTIN','SALESMAN',7698,'1981-09-28',1250.00,1400.00,30),(7698,'BLAKE','MANAGER',7839,'1981-05-01',2850.00,NULL,30),(7782,'CLARK','MANAGER',7839,'1981-06-09',2450.00,NULL,10),(7788,'SCOTT','ANALYST',7566,'1987-04-19',3000.00,NULL,20),(7839,'KING','PRESIDENT',NULL,'1981-11-17',5000.00,NULL,10),(7844,'TURNER','SALESMAN',7698,'1981-09-08',1500.00,0.00,30),(7876,'ADAMS','CLERK',7788,'1987-05-23',1100.00,NULL,20),(7900,'JAMES','CLERK',7698,'1981-12-03',950.00,NULL,30),(7902,'FORD','ANALYST',7566,'1981-12-03',3000.00,NULL,20),(7934,'MILLER','CLERK',7782,'1982-01-23',1300.00,NULL,10);
/*!40000 ALTER TABLE `emp` ENABLE KEYS */;
UNLOCK TABLES;

--
-- Table structure for table `salgrade`
--

DROP TABLE IF EXISTS `salgrade`;
/*!40101 SET @saved_cs_client     = @@character_set_client */;
/*!50503 SET character_set_client = utf8mb4 */;
CREATE TABLE `salgrade` (
  `GRADE` int NOT NULL,
  `LOSAL` double(7,2) DEFAULT NULL,
  `HISAL` double(7,2) DEFAULT NULL,
  PRIMARY KEY (`GRADE`) USING BTREE
) ENGINE=InnoDB DEFAULT CHARSET=utf8mb4 COLLATE=utf8mb4_0900_ai_ci ROW_FORMAT=DYNAMIC;
/*!40101 SET character_set_client = @saved_cs_client */;

--
-- Dumping data for table `salgrade`
--

LOCK TABLES `salgrade` WRITE;
/*!40000 ALTER TABLE `salgrade` DISABLE KEYS */;
INSERT INTO `salgrade` VALUES (1,700.00,1200.00),(2,1201.00,1400.00),(3,1401.00,2000.00),(4,2001.00,3000.00),(5,3001.00,9999.00);
/*!40000 ALTER TABLE `salgrade` ENABLE KEYS */;
UNLOCK TABLES;

--
-- Dumping routines for database 'test'
--
/*!40103 SET TIME_ZONE=@OLD_TIME_ZONE */;

/*!40101 SET SQL_MODE=@OLD_SQL_MODE */;
/*!40014 SET FOREIGN_KEY_CHECKS=@OLD_FOREIGN_KEY_CHECKS */;
/*!40014 SET UNIQUE_CHECKS=@OLD_UNIQUE_CHECKS */;
/*!40101 SET CHARACTER_SET_CLIENT=@OLD_CHARACTER_SET_CLIENT */;
/*!40101 SET CHARACTER_SET_RESULTS=@OLD_CHARACTER_SET_RESULTS */;
/*!40101 SET COLLATION_CONNECTION=@OLD_COLLATION_CONNECTION */;
/*!40111 SET SQL_NOTES=@OLD_SQL_NOTES */;

-- Dump completed on 2023-04-14 11:21:32
