<?xml version="1.0" encoding="UTF-8"?>
<!DOCTYPE mapper
        PUBLIC "-//mybatis.org//DTD Mapper 3.0//EN"
        "http://mybatis.org/dtd/mybatis-3-mapper.dtd">
<mapper namespace="com.meturing.mapper.EmpMapper">

    <resultMap id="BaseResultMap" type="com.meturing.pojo.Emp">
            <id property="empno" column="EMPNO" jdbcType="INTEGER"/>
            <result property="ename" column="ENAME" jdbcType="VARCHAR"/>
            <result property="job" column="JOB" jdbcType="VARCHAR"/>
            <result property="mgr" column="MGR" jdbcType="INTEGER"/>
            <result property="hiredate" column="HIREDATE" jdbcType="DATE"/>
            <result property="sal" column="SAL" jdbcType="DOUBLE"/>
            <result property="comm" column="COMM" jdbcType="DOUBLE"/>
            <result property="deptno" column="DEPTNO" jdbcType="INTEGER"/>
    </resultMap>

    <sql id="Base_Column_List">
        EMPNO,ENAME,JOB,
        MGR,HIREDATE,SAL,
        COMM,DEPTNO
    </sql>
    <select id="getAllEmp" resultMap="BaseResultMap">
        select <include refid="Base_Column_List"></include> from emp
    </select>
</mapper>
