<?xml version="1.0" encoding="UTF-8" ?>
<!DOCTYPE mapper
        PUBLIC "-//mybatis.org//DTDMapper3.0//EN"
        "http://mybatis.org/dtd/mybatis-3-mapper.dtd">
<mapper namespace="com.meturing.mapper.StudentMapper">
    <resultMap id="findDeptAndEmp" type="dept">
        <id column="deptno" property="deptno"></id>
        <result column="dname" property="dname"></result>
        <result column="loc" property="loc"></result>
        <collection property="empList"
                    select="com.meturing.mapper.EmpMapper.findEmp"
                    javaType="list"
                    column="deptno"
                    jdbcType="INTEGER"
                    fetchType="lazy"></collection>
    </resultMap>
    <select id="findeDept" parameterType="integer" resultMap="findDeptAndEmp">
        select * from dept where deptno=#{deptno}
    </select>
</mapper>